,k,SIL,DBI,CH
0,2,0.1082433462945819,2.651948189555705,26.788149062931716
1,3,0.0921279430367272,2.518784649831451,22.702352022209695
2,4,0.08986494828944394,2.488613560365751,19.998003431790945
3,5,0.08120541442027482,2.456980596284916,17.80669713449365
4,6,0.07675029239084705,2.4721353187508677,16.048212196990708
5,7,0.0701841097977948,2.3694340479735203,14.399811273076216
6,8,0.07076759820425323,2.3291209420757486,13.55499670620095
7,9,0.06267018413905193,2.2785619599253453,12.452768364930396
8,10,0.06240908666045859,2.41957969374067,11.489823940762424
