cluster,Friday,Monday,Saturday,Sunday,Thursday,Tuesday,Wednesday
0,0.0,0.0,49.99733134073441,50.00266865926558,0.0,0.0,0.0
1,32.91689963656695,0.0,0.0,0.0,33.996715124405924,0.0,33.086385239027116
2,0.0,49.96937172077663,0.0,0.0,0.0,50.03062827922338,0.0
3,33.29143974305265,0.0,0.0,0.0,33.959991621281944,0.0,32.74856863566541
4,14.344451079075322,14.84773522135972,14.675424379425062,14.559413119508658,12.462680201313656,14.789729591401517,14.320566407916063
