,k,DBI,CH
0,2,2.0526761108129925,70638.5678206784
1,3,2.139396152902314,58059.83920597143
2,4,1.9261250728263937,51925.85859594983
3,5,1.9792361844531658,46550.500541801215
4,6,1.7611402924544042,42648.06162674932
5,7,1.848851153751527,39727.2358851276
6,8,1.7223594421252835,37885.87612987132
7,9,1.7786979607761617,36006.16227418638
8,10,1.74626610960854,34484.8606926353
