cluster,user_age,hour_sin,hour_cos,Purchase,imp,click,weekday_sin,weekday_cos,user_gender_Female,user_gender_Male,user_gender_Other,hour,weekday_num
0,24.937764690291058,0.6805670918916008,-0.2749328315969627,0.004946853506932951,1.0,0.10425171944536393,0.20591379566295578,0.6614764165061053,0.33842730516017505,0.5607598661223289,0.10081282871749604,7.412115193644489,1.7745779543197617
1,41.62277015816898,0.006601502020249555,-0.017401490122449084,0.005249392517297027,1.0,0.10587820667396264,0.003914070659119197,-0.014976148117630067,0.34072823727996143,0.5550444250709503,0.10422733764908831,11.449500102019996,3.02201777002838
2,24.979641503606835,-0.7232142684641272,-0.15463347381411002,0.004718678769944416,1.0,0.10575038989083056,-0.19488763114694704,0.6924545275413649,0.3419442556084296,0.5544047666653337,0.10365097772623666,16.603431039308994,2.60469068660775
3,24.793762865601757,0.029212925517522886,-0.7023914550885754,0.0050674585243044344,1.0,0.10573881608676006,-0.060467867149796434,-0.6609215419739058,0.34442579562326514,0.5526111935962817,0.10296301078045317,11.829497772900394,3.588664385772384
4,24.93783628459504,0.11378372682881108,0.6781991802178265,0.0052483974358974355,1.0,0.10558894230769231,-0.7389622978716388,-0.2760863519435052,0.3451923076923077,0.5513421474358975,0.10346554487179487,9.865805288461539,4.866045673076923
5,24.885588079526315,-0.16879360438541285,0.623728846621965,0.0052277960215906085,1.0,0.10468803080058883,0.7384897431686333,-0.2868195622340592,0.3455441059902616,0.5539953950100026,0.10046049899973578,12.121768014192428,2.147472917374401
