cluster,user_age,hour_sin,hour_cos,weekday_sin,weekday_cos,user_gender_Female,user_gender_Male,user_gender_Other,hour,weekday_num
0,24.665625655888334,-2.5772956735006753e-05,-0.0024005990408012463,-0.8783745442391637,0.20050701109509855,0.34204205807002563,0.5535333048676345,0.10442463706233988,11.486990286080273,5.500026686592656
1,24.802081775146362,0.08101187123262565,-0.6423295550552219,0.3272535486414885,-0.6764949708307907,0.34499930109029914,0.5519814090019569,0.10301928990774392,11.520478054235392,2.9983051439753985
2,24.642976080927877,-0.0013493211840620188,0.0006192481028845748,0.39115520276352145,0.8116295823345756,0.3391216342184462,0.5595253948384691,0.10135297094308467,11.520867179801316,0.5003062827922338
3,24.785482866108367,-0.08712229007373477,0.6413742623397326,0.3221756743563263,-0.6787868805968251,0.3464076246334311,0.5531524926686217,0.10043988269794721,11.5264627845273,3.0054287110738724
4,41.12708723765442,0.0033663005416842673,-0.0015096333354155497,-0.00982362057233304,0.02542020722517377,0.3423526401091871,0.5541584918536211,0.10348886803719184,11.47837584236117,2.9893030794165316
