user_cluster_id,0,1,2,3,4
0,0.06867671691792294,0.03415559772296015,0.04611923509561305,0.029131985731272295,0.07176470588235294
1,0.06759098786828423,0.033550792171481825,0.04847207586933614,0.03780271707028943,0.07048984468339307
2,0.05461056401074306,0.03420523138832998,0.04860267314702309,0.036668738346799255,0.05630026809651475
3,0.05279034690799397,0.04351204351204351,0.04757281553398058,0.03677221654749745,0.07045215562565721
4,0.05739910313901345,0.03894736842105263,0.053128689492325853,0.031578947368421054,0.08085612366230678
5,0.0644883920894239,0.052054794520547946,0.05232558139534884,0.039850560398505604,0.04374240583232078
