user_cluster_id,0,1,2,3,4
0,0.0071335363201391905,0.0033793297662630247,0.0052570842415694315,0.0030701754385964912,0.0072010388383898
1,0.00702576112412178,0.0034302048594568838,0.005744255744255744,0.004040659132520992,0.00698059630856602
2,0.005781442517296938,0.0034914766892585746,0.005518763796909492,0.003998644527278889,0.00543900543900544
3,0.0053705692803437165,0.0045984562325505005,0.005520504731861198,0.003962139555359894,0.0069043693322341304
4,0.006076141650052217,0.0038638262322472847,0.006260434056761269,0.003260205121238878,0.008591282375236892
5,0.00669762457581711,0.005403868031854379,0.005965005302226936,0.0041332988891759235,0.00438382854359474
