user_cluster_id,0,1,2,3,4
0,0.10387124836885603,0.09893926593447855,0.11398897294524939,0.10538847117794486,0.10034234446936607
1,0.10394523509277608,0.10223916150547879,0.1185064935064935,0.10688806111496937,0.099029815428301
2,0.10586674248886362,0.10207434791538303,0.1135485651214128,0.10904778041341918,0.09660709660709661
3,0.10173392665336811,0.10568237805879455,0.1160432627309599,0.10774818401937046,0.09800082440230833
4,0.10585778030950346,0.0992063492063492,0.11783528102392878,0.10323982883923113,0.10625394819962097
5,0.10385783175567065,0.10381114903299203,0.11399787910922587,0.10371996900025833,0.10021919142717974
