,k,DBI,CH
0,2,2.2501271127034106,54350.697980322
1,3,2.2863273687137995,46642.805507425626
2,4,2.1704202949791487,40597.26960275337
3,5,2.1280781785063754,36976.2265058688
4,6,2.106792925112613,34300.27086714718
5,7,2.0074890194569734,31549.624311580574
6,8,2.008813750714964,28838.17313092104
7,9,2.0493104626473206,28457.145778264956
8,10,2.02887526727942,26840.843683966024
