cluster,user_age,user_gender_Female,user_gender_Male,user_gender_Other,hour,weekday_num,Monday,Tuesday,Wednesday,Thursday,Friday,Saturday,Sunday,impressions,clicks,conversions,CTR,CVR,CTVR
0,24.937764690291058,0.33842730516017505,0.5607598661223289,0.10081282871749604,7.412115193644489,1.7745779543197617,0.3576630254882489,0.3244694545588289,0.11427415498915003,0.0,0.0,0.0,0.20359336496377212,54378,5669,269,0.10425171944536393,0.04745104956782501,0.49468535069329506
1,41.62461336328179,0.34082306664687545,0.5549205877987234,0.10425634555440107,11.446563752412052,3.0211889565088317,0.13392459551729258,0.14331304735045272,0.14689401810895056,0.14630028202464004,0.14262654000296868,0.1469682351194894,0.13997328187620603,53896,5706,283,0.1058705655336203,0.0495969155275149,0.5250853495621197
2,24.979641503606835,0.3419442556084296,0.5544047666653337,0.10365097772623666,16.603431039308994,2.60469068660775,0.39109049466149476,0.19124645099372176,0.0,0.0,0.0,0.09253409045467269,0.32512896389011076,50014,5289,236,0.10575038989083056,0.04462091132539232,0.4718678769944415
3,24.793762865601757,0.34442579562326514,0.5526111935962817,0.10296301078045317,11.829497772900394,3.588664385772384,0.0,0.0,0.15170098767026016,0.31005099735330194,0.3361306565102318,0.20211735846620618,0.0,61964,6552,314,0.10573881608676006,0.04792429792429793,0.5067458524304436
4,24.94085886645834,0.3450886151997597,0.5514769199959948,0.10343446480424552,9.869450285370982,4.866386302192851,0.0,0.0,0.0,0.0,0.35654350655852607,0.42052668469009713,0.2229298087513768,49935,5273,262,0.10559727645939722,0.049687085150768064,0.5246820867127266
5,24.885588079526315,0.3455441059902616,0.5539953950100026,0.10046049899973578,12.121768014192428,2.147472917374401,0.0,0.21337711848412788,0.42577284565734347,0.36085003585852865,0.0,0.0,0.0,52986,5547,277,0.10468803080058883,0.04993690283035875,0.5227796021590608
