user_cluster_id,avg_hour,avg_weekday_sin,avg_weekday_cos,eng_rate,user_age,user_gender_Female,user_gender_Male,user_gender_Other,cluster,impressions,clicks,conversions,CTR,CVR,CTVR
0,11.444509213644123,-0.0012959470672512538,0.002408129400742907,0.043458642428755405,27.85752508361204,0.34715719063545153,0.5471571906354515,0.10568561872909699,0.0,49764,6519,1630,0.1309983120327948,0.2500383494400982,3.2754601720118965
1,11.368863761806063,0.001886513655380538,-0.0009099502992661005,0.02953781154362407,26.419588001445607,0.3527285869172389,0.5468015901698591,0.10046982291290206,1.0,167537,15660,0,0.09347188979150874,0.0,0.0
2,11.796763126351138,0.00034343227642211465,-0.000899523289745219,0.07627437203944777,29.805203697363915,0.327969873331051,0.5689832249229716,0.1030469017459774,2.0,105872,11857,11,0.11199372827565363,0.0009277220207472379,0.010389904790690645
