user_cluster_id,avg_hour,avg_weekday_sin,avg_weekday_cos,eng_rate,user_age,user_gender_Female,user_gender_Male,user_gender_Other,cluster,impressions,clicks,conversions,CTR,CVR,CTVR
0,11.514699945304114,0.0025354521920598594,-0.0010590392435281407,0.045318145534191424,27.522680985002776,0.3467876319200148,0.5500833179040918,0.10312905017589336,0.0,150618,15986,781,0.10613605279581458,0.04885524834229951,0.5185303217410934
1,11.529539773432708,-0.016443830184059385,-0.008429127328117738,0.0465070658299141,27.96,0.26,0.52,0.22,1.0,6352,703,23,0.11067380352644836,0.032716927453769556,0.3620906801007556
2,11.49495599712052,-0.0007481872410197961,0.000461948941837661,0.04537490618336703,27.7541675927984,0.3429651033563014,0.557679484329851,0.09935541231384752,2.0,166203,17347,837,0.10437236391641547,0.04825041793970139,0.5036010180321655
