,k,DBI,CH
0,4,1.9261250728263937,51925.85859594983
1,6,1.7611402924544042,42648.06162674932
2,8,1.7223594421252835,37885.87612987132
