cluster,Friday,Monday,Saturday,Sunday,Thursday,Tuesday,Wednesday
0,0.0,0.0,49.99733134073441,50.00266865926558,0.0,0.0,0.0
1,32.91274182555355,0.0,0.0,0.0,34.01198860558187,0.0,33.07526956886458
2,0.0,49.96937172077663,0.0,0.0,0.0,50.03062827922338,0.0
3,33.249546152771956,0.0,0.0,0.0,33.98792068146907,0.0,32.762533165758974
4,14.392931463855627,14.844949339883328,14.67267082864258,14.556681335926038,12.424521543342545,14.786954593525056,14.321290894824823
