cluster,ad_id,duration_days,total_budget,Purchase,imp,click,avg_ctr,avg_cvr,art,fashion,finance,fitness,food,gaming,health,lifestyle,news,photography,sports,technology,travel,pca_interest_1,pca_interest_2,ad_platform_Facebook,ad_platform_Instagram,ad_type_Carousel,ad_type_Image,ad_type_Stories,ad_type_Video,target_gender_All,target_gender_Female,target_gender_Male,target_age_group_18-24,target_age_group_25-34,target_age_group_35-44,target_age_group_All,impressions,clicks,conversions,CTR,CVR,CTVR
0,98.41510870842637,57.99212598425197,38583.66039548713,0.005034669173815959,1.0,0.1054083911152897,0.1054083911152897,0.0478711626870432,0.10615113409331296,0.14415324950052885,0.1287436831590081,0.09835233282406863,0.037452109531084736,0.12148078505112234,0.1505558820072864,0.12141967328710777,0.12127864613938183,0.09063814784345986,0.1354988835350805,0.11473498648489834,0.12119402985074627,-0.014841084238562582,0.006229503743883139,0.5816664707956282,0.41833352920437183,0.2723093195440122,0.22685156892701844,0.35652133035609357,0.14431778117287578,0.37904336584792575,0.4543048536843342,0.16665178046774004,0.21285227406275709,0.22698789516982018,0.32412739452344574,0.23603243624397696,212725,22423,1071,0.1054083911152897,0.047763457164518575,0.503466917381596
1,104.45241199478488,82.55759271331306,75435.20088313053,0.005160799652325076,1.0,0.1051445023902651,0.1051445023902651,0.04922919193253152,0.10308923656381283,0.10346045197740113,0.1632532956685499,0.10101586266840504,0.10508112414892076,0.16114370563523106,0.1329222801680429,0.05842568448500652,0.1030711284948573,0.1458423873678111,0.08801426915833696,0.08794183688251485,0.1620762711864407,0.02858421741134494,-0.011998145588127828,0.7357670578009561,0.2642329421990439,0.22034803708532522,0.322712950890917,0.25100499782703173,0.20593401419672605,0.3100825727944372,0.336366434883384,0.35355099232217874,0.381464580617123,0.23516043749094598,0.16381464580617122,0.2195603360857598,110448,11613,570,0.1051445023902651,0.04908292430896409,0.5160799652325075
