cluster,user_age,user_gender_Female,user_gender_Male,user_gender_Other,hour,weekday_num,Monday,Tuesday,Wednesday,Thursday,Friday,Saturday,Sunday,impressions,clicks,conversions,CTR,CVR,CTVR
0,24.937764690291058,0.33842730516017505,0.5607598661223289,0.10081282871749604,7.412115193644489,1.7745779543197617,0.3576630254882489,0.3244694545588289,0.11427415498915003,0.0,0.0,0.0,0.20359336496377212,54378,5669,269,0.10425171944536393,0.04745104956782501,0.49468535069329506
1,41.62277015816898,0.34072823727996143,0.5550444250709503,0.10422733764908831,11.449500102019996,3.02201777002838,0.13388733282632487,0.14327317245089127,0.14685314685314685,0.1462595759677988,0.14258685611470756,0.14692734321381537,0.1402125725733153,53911,5708,283,0.10587820667396264,0.04957953749124037,0.5249392517297027
2,24.979641503606835,0.3419442556084296,0.5544047666653337,0.10365097772623666,16.603431039308994,2.60469068660775,0.39109049466149476,0.19124645099372176,0.0,0.0,0.0,0.09253409045467269,0.32512896389011076,50014,5289,236,0.10575038989083056,0.04462091132539232,0.4718678769944415
3,24.793762865601757,0.34442579562326514,0.5526111935962817,0.10296301078045317,11.829497772900394,3.588664385772384,0.0,0.0,0.15170098767026016,0.31005099735330194,0.3361306565102318,0.20211735846620618,0.0,61964,6552,314,0.10573881608676006,0.04792429792429793,0.5067458524304436
4,24.93783628459504,0.3451923076923077,0.5513421474358975,0.10346554487179487,9.865805288461539,4.866045673076923,0.0,0.0,0.0,0.0,0.35665064102564104,0.4206530448717949,0.2226963141025641,49920,5271,262,0.10558894230769231,0.049705938152153295,0.5248397435897436
5,24.885588079526315,0.3455441059902616,0.5539953950100026,0.10046049899973578,12.121768014192428,2.147472917374401,0.0,0.21337711848412788,0.42577284565734347,0.36085003585852865,0.0,0.0,0.0,52986,5547,277,0.10468803080058883,0.04993690283035875,0.5227796021590608
